{
	"Bend Head List": [
		{ "Bend Head Name": "BH-159-01 1/16\"", "Diameter": 0.0625 , 
			"P2W1": -0.000000016280,
			"P2W2": 0.000005376702,
			"P2W3": -0.000617376437,
			"P2W4": 0.021473090347,	
			"P2W5": 1.624960296666,
			"P2W6": -0.031455220600,
			
			"W2P1": -0.000000001242,
			"W2P2": 0.000000394249,
			"W2P3": -0.000017065958,
			"W2P4": -0.000499238393,	
			"W2P5": 0.563986323202,
			"W2P6": 0.142395303355	
		},
		{ "Bend Head Name": "BH-318-01 1/8\"", "Diameter": 0.125 ,
			"P2W1":  0.00000000430650127, 
			"P2W2":-0.000001247412214633, 
			"P2W3":0.00006165063942376, 
			"P2W4":0.00397768433947476, 
			"P2W5":1.18771010298224, 
			"P2W6":-0.182295935414004,
			
			"W2P1": 0.000000000490478522,
			"W2P2": -0.000000122514952093,
			"W2P3": 0.000024646024650465,
			"W2P4": -0.00329379565437193,	
			"W2P5": 0.848710463062162,
			"W2P6": 0.146567496811258		
		},
		{ "Bend Head Name": "Custom Paper BH", "Diameter": 0.1375 ,
			"P2W1": 0.000000003553247368, 
			"P2W2": -0.000001480041388724, 
			"P2W3": 0.000121318598981901, 
			"P2W4": -0.000437673461306076, 
			"P2W5": 1.377890550116720000, 
			"P2W6": -0.046032608208406600,
			
			"W2P1":  0.000000000334144,
			"W2P2": -0.000000010850633,
			"W2P3": -0.000000711122896,
			"W2P4": -0.000958256372314,	
			"W2P5": 0.738394279515433,
			"W2P6": 0.014700754847581			
		}
		
	],

	"Feed Wheel List": [
		{ "Feed Wheel Name": "FW-159-01 1/16\"", "Diameter": 0.0625 },
		{ "Feed Wheel Name": "FW-318-01 1/8\"", "Diameter": 0.125 }
	]
}